date,tool,workflow,mac_model,macos_version,app_version,display_setup,task_definition,elapsed_minutes,retries,workarounds,score_1_to_5,evidence_notes,material_relationship,public_evidence_url
,,Product demo,,,,,,,,,,,,,
,,Tutorial / documentation,,,,,,,,,,,,,
,,Coding walkthrough,,,,,,,,,,,,,
,,Meeting / interview,,,,,,,,,,,,,
,,Long-form course,,,,,,,,,,,,,
,,Short social clip,,,,,,,,,,,,,
,,Multi-display,,,,,,,,,,,,,
,,Captions / transcript,,,,,,,,,,,,,
,,Preview vs export consistency,,,,,,,,,,,,,
,,Recovery / interruption,,,,,,,,,,,,,
,,Performance under real load,,,,,,,,,,,,,
,,Total time to publish,,,,,,,,,,,,,
